{
  "checkpoints": [
    "{\n  \"trainable_name\": \"run_training\",\n  \"trial_id\": \"391c1_00000\",\n  \"config\": {\n    \"batch_size\": 5,\n    \"freeze_network_pretrained\": \"NOT_PRETRAINED\",\n    \"epochs\": 25,\n    \"lr\": 0.007309539835912913\n  },\n  \"local_dir\": \"/content/drive/MyDrive/guitar_detector/iteration_five/hyperparameter_optimization/chords_model_improved\",\n  \"evaluated_params\": {},\n  \"experiment_tag\": \"0\",\n  \"location\": {\n    \"_type\": \"CLOUDPICKLE_FALLBACK\",\n    \"value\": \"8005953a000000000000008c0e7261792e74756e652e747269616c948c084c6f636174696f6e9493942981947d94288c08686f73746e616d65944e8c03706964944e75622e\"\n  },\n  \"resources\": {\n    \"cpu\": 1,\n    \"gpu\": 1,\n    \"memory\": 0,\n    \"object_store_memory\": 0,\n    \"extra_cpu\": 0,\n    \"extra_gpu\": 0,\n    \"extra_memory\": 0,\n    \"extra_object_store_memory\": 0,\n    \"custom_resources\": {},\n    \"extra_custom_resources\": {}\n  },\n  \"stopping_criterion\": {},\n  \"log_to_file\": [\n    null,\n    null\n  ],\n  \"max_failures\": 0,\n  \"last_result\": {\n    \"train_loss\": 0.002738396407439957,\n    \"train_acc\": 0.9990338164251208,\n    \"val_loss\": 0.0006883958513430959,\n    \"val_acc\": 0.9990338164251208,\n    \"time_this_iter_s\": 32.412758588790894,\n    \"done\": true,\n    \"timesteps_total\": null,\n    \"episodes_total\": null,\n    \"training_iteration\": 25,\n    \"experiment_id\": \"f911b9b73609435ab551620e99f4b8d1\",\n    \"date\": \"2021-01-11_10-45-36\",\n    \"timestamp\": 1610361936,\n    \"time_total_s\": 821.5738470554352,\n    \"pid\": 2310,\n    \"hostname\": \"8ad561e2a8be\",\n    \"node_ip\": \"172.28.0.2\",\n    \"config\": {\n      \"batch_size\": 5,\n      \"freeze_network_pretrained\": \"NOT_PRETRAINED\",\n      \"epochs\": 25,\n      \"lr\": 0.007309539835912913\n    },\n    \"time_since_restore\": 821.5738470554352,\n    \"timesteps_since_restore\": 0,\n    \"iterations_since_restore\": 25,\n    \"trial_id\": \"391c1_00000\",\n    \"experiment_tag\": \"0\"\n  },\n  \"last_update_time\": 1610361936.9693391,\n  \"metric_analysis\": {\n    \"train_loss\": {\n      \"max\": 1.6417815297985998,\n      \"min\": 0.002738396407439957,\n      \"avg\": 0.13100320950948283,\n      \"last\": 0.002738396407439957,\n      \"last-5-avg\": 0.0032389828789858646,\n      \"last-10-avg\": 0.004063492568215368\n    },\n    \"train_acc\": {\n      \"max\": 0.9990338164251208,\n      \"min\": 0.36843800322061193,\n      \"avg\": 0.9507504025764894,\n      \"last\": 0.9990338164251208,\n      \"last-5-avg\": 0.9987117552334945,\n      \"last-10-avg\": 0.9983252818035426\n    },\n    \"val_loss\": {\n      \"max\": 1.2325883342951969,\n      \"min\": 0.0006460015288390655,\n      \"avg\": 0.08580003877274908,\n      \"last\": 0.0006883958513430959,\n      \"last-5-avg\": 0.0009005072752600995,\n      \"last-10-avg\": 0.0010847293554210563\n    },\n    \"val_acc\": {\n      \"max\": 0.9990338164251208,\n      \"min\": 0.5980676328502416,\n      \"avg\": 0.9717101449275366,\n      \"last\": 0.9990338164251208,\n      \"last-5-avg\": 0.9990338164251208,\n      \"last-10-avg\": 0.9989371980676329\n    },\n    \"time_this_iter_s\": {\n      \"max\": 36.882248878479004,\n      \"min\": 32.272658824920654,\n      \"avg\": 32.86295388221741,\n      \"last\": 32.412758588790894,\n      \"last-5-avg\": 32.515969610214235,\n      \"last-10-avg\": 32.61185081005097\n    },\n    \"done\": {\n      \"max\": false,\n      \"min\": false,\n      \"avg\": 0.0,\n      \"last\": false,\n      \"last-5-avg\": 0.0,\n      \"last-10-avg\": 0.0\n    },\n    \"training_iteration\": {\n      \"max\": 25,\n      \"min\": 1,\n      \"avg\": 13.0,\n      \"last\": 25,\n      \"last-5-avg\": 23.0,\n      \"last-10-avg\": 20.5\n    },\n    \"timestamp\": {\n      \"max\": 1610361936,\n      \"min\": 1610361152,\n      \"avg\": 1610361544.6399994,\n      \"last\": 1610361936,\n      \"last-5-avg\": 1610361871.0,\n      \"last-10-avg\": 1610361789.8\n    },\n    \"time_total_s\": {\n      \"max\": 821.5738470554352,\n      \"min\": 36.882248878479004,\n      \"avg\": 429.70125051498417,\n      \"last\": 821.5738470554352,\n      \"last-5-avg\": 756.3028325080871,\n      \"last-10-avg\": 674.9456359624862\n    },\n    \"pid\": {\n      \"max\": 2310,\n      \"min\": 2310,\n      \"avg\": 2310.0,\n      \"last\": 2310,\n      \"last-5-avg\": 2310.0,\n      \"last-10-avg\": 2310.0\n    },\n    \"time_since_restore\": {\n      \"max\": 821.5738470554352,\n      \"min\": 36.882248878479004,\n      \"avg\": 429.70125051498417,\n      \"last\": 821.5738470554352,\n      \"last-5-avg\": 756.3028325080871,\n      \"last-10-avg\": 674.9456359624862\n    },\n    \"timesteps_since_restore\": {\n      \"max\": 0,\n      \"min\": 0,\n      \"avg\": 0.0,\n      \"last\": 0,\n      \"last-5-avg\": 0.0,\n      \"last-10-avg\": 0.0\n    },\n    \"iterations_since_restore\": {\n      \"max\": 25,\n      \"min\": 1,\n      \"avg\": 13.0,\n      \"last\": 25,\n      \"last-5-avg\": 23.0,\n      \"last-10-avg\": 20.5\n    },\n    \"config/batch_size\": {\n      \"max\": 5,\n      \"min\": 5,\n      \"avg\": 5.0,\n      \"last\": 5,\n      \"last-5-avg\": 5.0,\n      \"last-10-avg\": 5.0\n    },\n    \"config/epochs\": {\n      \"max\": 25,\n      \"min\": 25,\n      \"avg\": 25.0,\n      \"last\": 25,\n      \"last-5-avg\": 25.0,\n      \"last-10-avg\": 25.0\n    },\n    \"config/lr\": {\n      \"max\": 0.007309539835912913,\n      \"min\": 0.007309539835912913,\n      \"avg\": 0.0073095398359129165,\n      \"last\": 0.007309539835912913,\n      \"last-5-avg\": 0.007309539835912914,\n      \"last-10-avg\": 0.007309539835912914\n    }\n  },\n  \"n_steps\": [\n    5,\n    10\n  ],\n  \"metric_n_steps\": {\n    \"train_loss\": {\n      \"5\": {\n        \"_type\": \"CLOUDPICKLE_FALLBACK\",\n        \"value\": \"8005954f000000000000008c0b636f6c6c656374696f6e73948c056465717565949394294b058694529428473f6f264f19a6441a473f68eb6f1ef821a3473f6807daeaaf9cbc473f6e22c3f245e081473f666ed5606e1697652e\"\n      },\n      \"10\": {\n        \"_type\": \"CLOUDPICKLE_FALLBACK\",\n        \"value\": \"8005957c000000000000008c0b636f6c6c656374696f6e73948c056465717565949394294b0a8694529428473f6ad616b5a9c12d473f6ba3ca33458035473f80d735ba32bf72473f7943ad505240ce473f6bd858b3ca33f1473f6f264f19a6441a473f68eb6f1ef821a3473f6807daeaaf9cbc473f6e22c3f245e081473f666ed5606e1697652e\"\n      }\n    },\n    \"train_acc\": {\n      \"5\": {\n        \"_type\": \"CLOUDPICKLE_FALLBACK\",\n        \"value\": \"8005954f000000000000008c0b636f6c6c656374696f6e73948c056465717565949394294b058694529428473feff5725adb79c7473feff2cef1925838473feff5725adb79c7473feff5725adb79c7473feff815c4249b55652e\"\n      },\n      \"10\": {\n        \"_type\": \"CLOUDPICKLE_FALLBACK\",\n        \"value\": \"8005957c000000000000008c0b636f6c6c656374696f6e73948c056465717565949394294b0a8694529428473feff5725adb79c7473feff2cef1925838473fefe8414c6dd1ff473fefe59de324b070473feff5725adb79c7473feff5725adb79c7473feff2cef1925838473feff5725adb79c7473feff5725adb79c7473feff815c4249b55652e\"\n      }\n    },\n    \"val_loss\": {\n      \"5\": {\n        \"_type\": \"CLOUDPICKLE_FALLBACK\",\n        \"value\": \"8005954f000000000000008c0b636f6c6c656374696f6e73948c056465717565949394294b058694529428473f4a23e334290b21473f526e71ee8eeeef473f4d0bfad0c79720473f5077494343235f473f468eaed588414c652e\"\n      },\n      \"10\": {\n        \"_type\": \"CLOUDPICKLE_FALLBACK\",\n        \"value\": \"8005957c000000000000008c0b636f6c6c656374696f6e73948c056465717565949394294b0a8694529428473f50bb6c202b7285473f630770205cbdf6473f5709c8c4ffe057473f4f147646375fb9473f452b0db8428317473f4a23e334290b21473f526e71ee8eeeef473f4d0bfad0c79720473f5077494343235f473f468eaed588414c652e\"\n      }\n    },\n    \"val_acc\": {\n      \"5\": {\n        \"_type\": \"CLOUDPICKLE_FALLBACK\",\n        \"value\": 