{
  "checkpoints": [
    "{\n  \"trainable_name\": \"run_training\",\n  \"trial_id\": \"6a5dd_00000\",\n  \"config\": {\n    \"batch_size\": 5,\n    \"freeze_network_pretrained\": \"NOT_PRETRAINED\",\n    \"epochs\": 25,\n    \"lr\": 0.007309539835912913\n  },\n  \"local_dir\": \"/content/drive/MyDrive/guitar_detector/iteration_five/hyperparameter_optimization/chords_model_improved\",\n  \"evaluated_params\": {},\n  \"experiment_tag\": \"0\",\n  \"location\": {\n    \"_type\": \"CLOUDPICKLE_FALLBACK\",\n    \"value\": \"8005953a000000000000008c0e7261792e74756e652e747269616c948c084c6f636174696f6e9493942981947d94288c08686f73746e616d65944e8c03706964944e75622e\"\n  },\n  \"resources\": {\n    \"cpu\": 1,\n    \"gpu\": 1,\n    \"memory\": 0,\n    \"object_store_memory\": 0,\n    \"extra_cpu\": 0,\n    \"extra_gpu\": 0,\n    \"extra_memory\": 0,\n    \"extra_object_store_memory\": 0,\n    \"custom_resources\": {},\n    \"extra_custom_resources\": {}\n  },\n  \"stopping_criterion\": {},\n  \"log_to_file\": [\n    null,\n    null\n  ],\n  \"max_failures\": 0,\n  \"last_result\": {\n    \"train_loss\": 0.004533325862194685,\n    \"train_acc\": 0.9980676328502416,\n    \"val_loss\": 0.0015200654919676861,\n    \"val_acc\": 0.9990338164251208,\n    \"time_this_iter_s\": 32.928406715393066,\n    \"done\": true,\n    \"timesteps_total\": null,\n    \"episodes_total\": null,\n    \"training_iteration\": 25,\n    \"experiment_id\": \"1a03eb69107e421595213233e1938712\",\n    \"date\": \"2021-01-11_10-25-35\",\n    \"timestamp\": 1610360735,\n    \"time_total_s\": 826.4675331115723,\n    \"pid\": 1942,\n    \"hostname\": \"8ad561e2a8be\",\n    \"node_ip\": \"172.28.0.2\",\n    \"config\": {\n      \"batch_size\": 5,\n      \"freeze_network_pretrained\": \"NOT_PRETRAINED\",\n      \"epochs\": 25,\n      \"lr\": 0.007309539835912913\n    },\n    \"time_since_restore\": 826.4675331115723,\n    \"timesteps_since_restore\": 0,\n    \"iterations_since_restore\": 25,\n    \"trial_id\": \"6a5dd_00000\",\n    \"experiment_tag\": \"0\"\n  },\n  \"last_update_time\": 1610360735.8771725,\n  \"metric_analysis\": {\n    \"train_loss\": {\n      \"max\": 1.8023692085931076,\n      \"min\": 0.0032802063354812924,\n      \"avg\": 0.1915670871453952,\n      \"last\": 0.004533325862194685,\n      \"last-5-avg\": 0.0045472381668284125,\n      \"last-10-avg\": 0.005159693354295221\n    },\n    \"train_acc\": {\n      \"max\": 0.9990338164251208,\n      \"min\": 0.2499194847020934,\n      \"avg\": 0.9225636070853461,\n      \"last\": 0.9980676328502416,\n      \"last-5-avg\": 0.9982608695652173,\n      \"last-10-avg\": 0.99768115942029\n    },\n    \"val_loss\": {\n      \"max\": 1.8991604830907738,\n      \"min\": 0.0007991643999652525,\n      \"avg\": 0.1549983572285499,\n      \"last\": 0.0015200654919676861,\n      \"last-5-avg\": 0.0015413042774930481,\n      \"last-10-avg\": 0.0016240514656337694\n    },\n    \"val_acc\": {\n      \"max\": 0.9990338164251208,\n      \"min\": 0.2782608695652174,\n      \"avg\": 0.9443478260869567,\n      \"last\": 0.9990338164251208,\n      \"last-5-avg\": 0.9990338164251208,\n      \"last-10-avg\": 0.998840579710145\n    },\n    \"time_this_iter_s\": {\n      \"max\": 36.13193655014038,\n      \"min\": 32.09838247299194,\n      \"avg\": 33.05870132446288,\n      \"last\": 32.928406715393066,\n      \"last-5-avg\": 32.8837025642395,\n      \"last-10-avg\": 32.86211352348327\n    },\n    \"done\": {\n      \"max\": false,\n      \"min\": false,\n      \"avg\": 0.0,\n      \"last\": false,\n      \"last-5-avg\": 0.0,\n      \"last-10-avg\": 0.0\n    },\n    \"training_iteration\": {\n      \"max\": 25,\n      \"min\": 1,\n      \"avg\": 13.0,\n      \"last\": 25,\n      \"last-5-avg\": 23.0,\n      \"last-10-avg\": 20.5\n    },\n    \"timestamp\": {\n      \"max\": 1610360735,\n      \"min\": 1610359945,\n      \"avg\": 1610360339.8400002,\n      \"last\": 1610360735,\n      \"last-5-avg\": 1610360669.6,\n      \"last-10-avg\": 1610360587.5\n    },\n    \"time_total_s\": {\n      \"max\": 826.4675331115723,\n      \"min\": 36.13193655014038,\n      \"avg\": 430.94055212974536,\n      \"last\": 826.4675331115723,\n      \"last-5-avg\": 760.7126296043396,\n      \"last-10-avg\": 678.5946547031402\n    },\n    \"pid\": {\n      \"max\": 1942,\n      \"min\": 1942,\n      \"avg\": 1942.0,\n      \"last\": 1942,\n      \"last-5-avg\": 1942.0,\n      \"last-10-avg\": 1942.0\n    },\n    \"time_since_restore\": {\n      \"max\": 826.4675331115723,\n      \"min\": 36.13193655014038,\n      \"avg\": 430.94055212974536,\n      \"last\": 826.4675331115723,\n      \"last-5-avg\": 760.7126296043396,\n      \"last-10-avg\": 678.5946547031402\n    },\n    \"timesteps_since_restore\": {\n      \"max\": 0,\n      \"min\": 0,\n      \"avg\": 0.0,\n      \"last\": 0,\n      \"last-5-avg\": 0.0,\n      \"last-10-avg\": 0.0\n    },\n    \"iterations_since_restore\": {\n      \"max\": 25,\n      \"min\": 1,\n      \"avg\": 13.0,\n      \"last\": 25,\n      \"last-5-avg\": 23.0,\n      \"last-10-avg\": 20.5\n    },\n    \"config/batch_size\": {\n      \"max\": 5,\n      \"min\": 5,\n      \"avg\": 5.0,\n      \"last\": 5,\n      \"last-5-avg\": 5.0,\n      \"last-10-avg\": 5.0\n    },\n    \"config/epochs\": {\n      \"max\": 25,\n      \"min\": 25,\n      \"avg\": 25.0,\n      \"last\": 25,\n      \"last-5-avg\": 25.0,\n      \"last-10-avg\": 25.0\n    },\n    \"config/lr\": {\n      \"max\": 0.007309539835912913,\n      \"min\": 0.007309539835912913,\n      \"avg\": 0.0073095398359129165,\n      \"last\": 0.007309539835912913,\n      \"last-5-avg\": 0.007309539835912914,\n      \"last-10-avg\": 0.007309539835912914\n    }\n  },\n  \"n_steps\": [\n    5,\n    10\n  ],\n  \"metric_n_steps\": {\n    \"train_loss\": {\n      \"5\": {\n        \"_type\": \"CLOUDPICKLE_FALLBACK\",\n        \"value\": \"8005954f000000000000008c0b636f6c6c656374696f6e73948c056465717565949394294b058694529428473f6adf175debb7c7473f75f91fd1718a6e473f7532678939905e473f71f4035256eafa473f729189651fb104652e\"\n      },\n      \"10\": {\n        \"_type\": \"CLOUDPICKLE_FALLBACK\",\n        \"value\": \"8005957c000000000000008c0b636f6c6c656374696f6e73948c056465717565949394294b0a8694529428473f70adee90ff4f90473f7f89ea1b76b2e9473f757565bb4a0c0a473f747161d1be2179473f7c180e67ab3923473f6adf175debb7c7473f75f91fd1718a6e473f7532678939905e473f71f4035256eafa473f729189651fb104652e\"\n      }\n    },\n    \"train_acc\": {\n      \"5\": {\n        \"_type\": \"CLOUDPICKLE_FALLBACK\",\n        \"value\": \"8005954f000000000000008c0b636f6c6c656374696f6e73948c056465717565949394294b058694529428473feff815c4249b55473feff02b884936aa473feff02b884936aa473feff02b884936aa473feff02b884936aa652e\"\n      },\n      \"10\": {\n        \"_type\": \"CLOUDPICKLE_FALLBACK\",\n        \"value\": \"8005957c000000000000008c0b636f6c6c656374696f6e73948c056465717565949394294b0a8694529428473feff02b884936aa473fefddb3a7494bc5473fefe8414c6dd1ff473fefed881f00151c473fefe59de324b070473feff815c4249b55473feff02b884936aa473feff02b884936aa473feff02b884936aa473feff02b884936aa652e\"\n      }\n    },\n    \"val_loss\": {\n      \"5\": {\n        \"_type\": \"CLOUDPICKLE_FALLBACK\",\n        \"value\": \"8005954f000000000000008c0b636f6c6c656374696f6e73948c056465717565949394294b058694529428473f5ed9296df10532473f621b063e8414c7473f5534ba476a6f4e473f4a2fe07b221a38473f58e79de4d991af652e\"\n      },\n      \"10\": {\n        \"_type\": \"CLOUDPICKLE_FALLBACK\",\n        \"value\": \"8005957c000000000000008c0b636f6c6c656374696f6e73948c056465717565949394294b0a8694529428473f52203fc781979f473f677833819feaba473f5cadd9a327699e473f5be2e234526b59473f5230c6dd63ef2e473f5ed9296df10532473f621b063e8414c7473f5534ba476a6f4e473f4a2fe07b221a38473f58e79de4d991af652e\"\n      }\n    },\n    \"val_acc\": {\n      \"5\": {\n        \"_type\": \"CLOUDPICKLE_FALLBACK\",\n        \"value\": 