{
  "checkpoints": [
    "{\n  \"trainable_name\": \"run_training\",\n  \"trial_id\": \"df35f_00000\",\n  \"config\": {\n    \"batch_size\": 5,\n    \"freeze_network_pretrained\": \"UNFREEZE_PRETRAINED\",\n    \"epochs\": 25,\n    \"lr\": 0.0021930485556643695\n  },\n  \"local_dir\": \"/content/drive/MyDrive/guitar_detector/iteration_five/hyperparameter_optimization/chords_model_improved\",\n  \"evaluated_params\": {},\n  \"experiment_tag\": \"0\",\n  \"location\": {\n    \"_type\": \"CLOUDPICKLE_FALLBACK\",\n    \"value\": \"8005953a000000000000008c0e7261792e74756e652e747269616c948c084c6f636174696f6e9493942981947d94288c08686f73746e616d65944e8c03706964944e75622e\"\n  },\n  \"resources\": {\n    \"cpu\": 1,\n    \"gpu\": 1,\n    \"memory\": 0,\n    \"object_store_memory\": 0,\n    \"extra_cpu\": 0,\n    \"extra_gpu\": 0,\n    \"extra_memory\": 0,\n    \"extra_object_store_memory\": 0,\n    \"custom_resources\": {},\n    \"extra_custom_resources\": {}\n  },\n  \"stopping_criterion\": {},\n  \"log_to_file\": [\n    null,\n    null\n  ],\n  \"max_failures\": 0,\n  \"last_result\": {\n    \"train_loss\": 0.00793487131197514,\n    \"train_acc\": 0.994855305466238,\n    \"val_loss\": 7.037669739636735e-06,\n    \"val_acc\": 0.9942307692307693,\n    \"time_this_iter_s\": 18.11707377433777,\n    \"done\": true,\n    \"timesteps_total\": null,\n    \"episodes_total\": null,\n    \"training_iteration\": 25,\n    \"experiment_id\": \"815963b890dd4f7b936d521c625c614a\",\n    \"date\": \"2021-01-10_21-29-39\",\n    \"timestamp\": 1610314179,\n    \"time_total_s\": 459.57801508903503,\n    \"pid\": 4031,\n    \"hostname\": \"f2df993cc66b\",\n    \"node_ip\": \"172.28.0.2\",\n    \"config\": {\n      \"batch_size\": 5,\n      \"freeze_network_pretrained\": \"UNFREEZE_PRETRAINED\",\n      \"epochs\": 25,\n      \"lr\": 0.0021930485556643695\n    },\n    \"time_since_restore\": 459.57801508903503,\n    \"timesteps_since_restore\": 0,\n    \"iterations_since_restore\": 25,\n    \"trial_id\": \"df35f_00000\",\n    \"experiment_tag\": \"0\"\n  },\n  \"last_update_time\": 1610314179.3733842,\n  \"metric_analysis\": {\n    \"train_loss\": {\n      \"max\": 0.405895382518243,\n      \"min\": 0.0015471061295530546,\n      \"avg\": 0.028645622575944465,\n      \"last\": 0.00793487131197514,\n      \"last-5-avg\": 0.009327683776150808,\n      \"last-10-avg\": 0.008009148925324953\n    },\n    \"train_acc\": {\n      \"max\": 0.997427652733119,\n      \"min\": 0.8540192926045016,\n      \"avg\": 0.9883987138263666,\n      \"last\": 0.994855305466238,\n      \"last-5-avg\": 0.995112540192926,\n      \"last-10-avg\": 0.9955627009646303\n    },\n    \"val_loss\": {\n      \"max\": 0.012801018715646689,\n      \"min\": 4.09974989328778e-06,\n      \"avg\": 0.0007297125883650083,\n      \"last\": 7.037669739636735e-06,\n      \"last-5-avg\": 1.261535133686619e-05,\n      \"last-10-avg\": 1.0947390291380024e-05\n    },\n    \"val_acc\": {\n      \"max\": 0.9942307692307693,\n      \"min\": 0.9865384615384616,\n      \"avg\": 0.9938461538461536,\n      \"last\": 0.9942307692307693,\n      \"last-5-avg\": 0.9942307692307694,\n      \"last-10-avg\": 0.9942307692307695\n    },\n    \"time_this_iter_s\": {\n      \"max\": 23.09532356262207,\n      \"min\": 17.867940187454224,\n      \"avg\": 18.3831206035614,\n      \"last\": 18.11707377433777,\n      \"last-5-avg\": 18.268667793273927,\n      \"last-10-avg\": 18.254804134368896\n    },\n    \"done\": {\n      \"max\": false,\n      \"min\": false,\n      \"avg\": 0.0,\n      \"last\": false,\n      \"last-5-avg\": 0.0,\n      \"last-10-avg\": 0.0\n    },\n    \"training_iteration\": {\n      \"max\": 25,\n      \"min\": 1,\n      \"avg\": 13.0,\n      \"last\": 25,\n      \"last-5-avg\": 23.0,\n      \"last-10-avg\": 20.5\n    },\n    \"timestamp\": {\n      \"max\": 1610314179,\n      \"min\": 1610313742,\n      \"avg\": 1610313960.1599998,\n      \"last\": 1610314179,\n      \"last-5-avg\": 1610314142.6,\n      \"last-10-avg\": 1610314096.9\n    },\n    \"time_total_s\": {\n      \"max\": 459.57801508903503,\n      \"min\": 23.09532356262207,\n      \"avg\": 240.8477083873749,\n      \"last\": 459.57801508903503,\n      \"last-5-avg\": 423.08588609695437,\n      \"last-10-avg\": 377.4242016553879\n    },\n    \"pid\": {\n      \"max\": 4031,\n      \"min\": 4031,\n      \"avg\": 4031.0,\n      \"last\": 4031,\n      \"last-5-avg\": 4031.0,\n      \"last-10-avg\": 4031.0\n    },\n    \"time_since_restore\": {\n      \"max\": 459.57801508903503,\n      \"min\": 23.09532356262207,\n      \"avg\": 240.8477083873749,\n      \"last\": 459.57801508903503,\n      \"last-5-avg\": 423.08588609695437,\n      \"last-10-avg\": 377.4242016553879\n    },\n    \"timesteps_since_restore\": {\n      \"max\": 0,\n      \"min\": 0,\n      \"avg\": 0.0,\n      \"last\": 0,\n      \"last-5-avg\": 0.0,\n      \"last-10-avg\": 0.0\n    },\n    \"iterations_since_restore\": {\n      \"max\": 25,\n      \"min\": 1,\n      \"avg\": 13.0,\n      \"last\": 25,\n      \"last-5-avg\": 23.0,\n      \"last-10-avg\": 20.5\n    },\n    \"config/batch_size\": {\n      \"max\": 5,\n      \"min\": 5,\n      \"avg\": 5.0,\n      \"last\": 5,\n      \"last-5-avg\": 5.0,\n      \"last-10-avg\": 5.0\n    },\n    \"config/epochs\": {\n      \"max\": 25,\n      \"min\": 25,\n      \"avg\": 25.0,\n      \"last\": 25,\n      \"last-5-avg\": 25.0,\n      \"last-10-avg\": 25.0\n    },\n    \"config/lr\": {\n      \"max\": 0.0021930485556643695,\n      \"min\": 0.0021930485556643695,\n      \"avg\": 0.0021930485556643695,\n      \"last\": 0.0021930485556643695,\n      \"last-5-avg\": 0.0021930485556643695,\n      \"last-10-avg\": 0.002193048555664369\n    }\n  },\n  \"n_steps\": [\n    5,\n    10\n  ],\n  \"metric_n_steps\": {\n    \"train_loss\": {\n      \"5\": {\n        \"_type\": \"CLOUDPICKLE_FALLBACK\",\n        \"value\": \"8005954f000000000000008c0b636f6c6c656374696f6e73948c056465717565949394294b058694529428473f93dd82a7b48fce473f8d637c8b60743b473f5959088eb636fd473f6be8ad2f004f06473f8040286643620a652e\"\n      },\n      \"10\": {\n        \"_type\": \"CLOUDPICKLE_FALLBACK\",\n        \"value\": \"8005957c000000000000008c0b636f6c6c656374696f6e73948c056465717565949394294b0a8694529428473f65cb4f276dbe7a473f8ad8d0ab498c83473f89d0d67afb6aae473f687ad339948015473f611f6d6c55a816473f93dd82a7b48fce473f8d637c8b60743b473f5959088eb636fd473f6be8ad2f004f06473f8040286643620a652e\"\n      }\n    },\n    \"train_acc\": {\n      \"5\": {\n        \"_type\": \"CLOUDPICKLE_FALLBACK\",\n        \"value\": \"8005954f000000000000008c0b636f6c6c656374696f6e73948c056465717565949394294b058694529428473fefc0c830bb051b473fefd5dacb2758bd473fefeaed6593ac5e473fefe064185d828d473fefd5dacb2758bd652e\"\n      },\n      \"10\": {\n        \"_type\": \"CLOUDPICKLE_FALLBACK\",\n        \"value\": \"8005957c000000000000008c0b636f6c6c656374696f6e73948c056465717565949394294b0a8694529428473fefe064185d828d473fefd5dacb2758bd473fefd5dacb2758bd473fefe5a8bef89776473fefeaed6593ac5e473fefc0c830bb051b473fefd5dacb2758bd473fefeaed6593ac5e473fefe064185d828d473fefd5dacb2758bd652e\"\n      }\n    },\n    \"val_loss\": {\n      \"5\": {\n        \"_type\": \"CLOUDPICKLE_FALLBACK\",\n        \"value\": \"8005954f000000000000008c0b636f6c6c656374696f6e73948c056465717565949394294b058694529428473edaff0a04bccccd473ed13212ab6ee46e473f0288f57bc9a95b473ee5495d2f581f82473edd84a3ed83f03f652e\"\n      },\n      \"10\": {\n        \"_type\": \"CLOUDPICKLE_FALLBACK\",\n        \"value\": \"8005957c000000000000008c0b636f6c6c656374696f6e73948c056465717565949394294b0a8694529428473ee85ba30502f42f473edcda8b9ed03f04473ef260b175e0bd0c473ed14fe0a88fc0fc473eda361648af81f8473edaff0a04bccccd473ed13212ab6ee46e473f0288f57bc9a95b473ee5495d2f581f82473edd84a3ed83f03f652e\"\n      }\n    },\n    \"val_acc\": {\n      \"5\": {\n        \"_type\": \"CLOUDPICKLE_FALLBACK\",\n        \"value\": 