{
  "checkpoints": [
    "{\n  \"trainable_name\": \"run_training\",\n  \"trial_id\": \"d29e7_00000\",\n  \"config\": {\n    \"batch_size\": 30,\n    \"freeze_network_pretrained\": \"UNFREEZE_PRETRAINED\",\n    \"epochs\": 25,\n    \"lr\": 0.002310201887845295\n  },\n  \"local_dir\": \"/content/drive/MyDrive/guitar_detector/iteration_five/hyperparameter_optimization/chords_model_improved\",\n  \"evaluated_params\": {},\n  \"experiment_tag\": \"0\",\n  \"location\": {\n    \"_type\": \"CLOUDPICKLE_FALLBACK\",\n    \"value\": \"8005953a000000000000008c0e7261792e74756e652e747269616c948c084c6f636174696f6e9493942981947d94288c08686f73746e616d65944e8c03706964944e75622e\"\n  },\n  \"resources\": {\n    \"cpu\": 1,\n    \"gpu\": 1,\n    \"memory\": 0,\n    \"object_store_memory\": 0,\n    \"extra_cpu\": 0,\n    \"extra_gpu\": 0,\n    \"extra_memory\": 0,\n    \"extra_object_store_memory\": 0,\n    \"custom_resources\": {},\n    \"extra_custom_resources\": {}\n  },\n  \"stopping_criterion\": {},\n  \"log_to_file\": [\n    null,\n    null\n  ],\n  \"max_failures\": 0,\n  \"last_result\": {\n    \"train_loss\": 0.0017686419348487666,\n    \"train_acc\": 0.9942307692307693,\n    \"val_loss\": 0.001704702007700689,\n    \"val_acc\": 0.9847619047619047,\n    \"time_this_iter_s\": 29.498127460479736,\n    \"done\": true,\n    \"timesteps_total\": null,\n    \"episodes_total\": null,\n    \"training_iteration\": 25,\n    \"experiment_id\": \"64446b28cfd647e3974c112ad14601ce\",\n    \"date\": \"2021-01-11_22-15-45\",\n    \"timestamp\": 1610403345,\n    \"time_total_s\": 741.2075312137604,\n    \"pid\": 727,\n    \"hostname\": \"3408a89b6100\",\n    \"node_ip\": \"172.28.0.2\",\n    \"config\": {\n      \"batch_size\": 30,\n      \"freeze_network_pretrained\": \"UNFREEZE_PRETRAINED\",\n      \"epochs\": 25,\n      \"lr\": 0.002310201887845295\n    },\n    \"time_since_restore\": 741.2075312137604,\n    \"timesteps_since_restore\": 0,\n    \"iterations_since_restore\": 25,\n    \"trial_id\": \"d29e7_00000\",\n    \"experiment_tag\": \"0\"\n  },\n  \"last_update_time\": 1610403345.5958006,\n  \"metric_analysis\": {\n    \"train_loss\": {\n      \"max\": 0.43167327508831826,\n      \"min\": 0.0014423616853981422,\n      \"avg\": 0.02001684738353539,\n      \"last\": 0.0017686419348487666,\n      \"last-5-avg\": 0.0016700203457506945,\n      \"last-10-avg\": 0.0018092143578710067\n    },\n    \"train_acc\": {\n      \"max\": 0.9942307692307693,\n      \"min\": 0.8506410256410256,\n      \"avg\": 0.9884487179487178,\n      \"last\": 0.9942307692307693,\n      \"last-5-avg\": 0.9942307692307694,\n      \"last-10-avg\": 0.9942307692307695\n    },\n    \"val_loss\": {\n      \"max\": 0.019781054477429106,\n      \"min\": 0.001543960915462646,\n      \"avg\": 0.0029208637180627283,\n      \"last\": 0.001704702007700689,\n      \"last-5-avg\": 0.0016671852585471547,\n      \"last-10-avg\": 0.0016503560790969505\n    },\n    \"val_acc\": {\n      \"max\": 0.9847619047619047,\n      \"min\": 0.9809523809523809,\n      \"avg\": 0.9845714285714283,\n      \"last\": 0.9847619047619047,\n      \"last-5-avg\": 0.9847619047619048,\n      \"last-10-avg\": 0.984761904761905\n    },\n    \"time_this_iter_s\": {\n      \"max\": 35.10759902000427,\n      \"min\": 29.29021978378296,\n      \"avg\": 29.64830124855041,\n      \"last\": 29.498127460479736,\n      \"last-5-avg\": 29.447172784805296,\n      \"last-10-avg\": 29.41246199607849\n    },\n    \"done\": {\n      \"max\": false,\n      \"min\": false,\n      \"avg\": 0.0,\n      \"last\": false,\n      \"last-5-avg\": 0.0,\n      \"last-10-avg\": 0.0\n    },\n    \"training_iteration\": {\n      \"max\": 25,\n      \"min\": 1,\n      \"avg\": 13.0,\n      \"last\": 25,\n      \"last-5-avg\": 23.0,\n      \"last-10-avg\": 20.5\n    },\n    \"timestamp\": {\n      \"max\": 1610403345,\n      \"min\": 1610402639,\n      \"avg\": 1610402992.04,\n      \"last\": 1610403345,\n      \"last-5-avg\": 1610403286.2,\n      \"last-10-avg\": 1610403212.6\n    },\n    \"time_total_s\": {\n      \"max\": 741.2075312137604,\n      \"min\": 35.10759902000427,\n      \"avg\": 388.2001983833313,\n      \"last\": 741.2075312137604,\n      \"last-5-avg\": 682.3126971244812,\n      \"last-10-avg\": 608.7432240009308\n    },\n    \"pid\": {\n      \"max\": 727,\n      \"min\": 727,\n      \"avg\": 727.0,\n      \"last\": 727,\n      \"last-5-avg\": 727.0,\n      \"last-10-avg\": 727.0\n    },\n    \"time_since_restore\": {\n      \"max\": 741.2075312137604,\n      \"min\": 35.10759902000427,\n      \"avg\": 388.2001983833313,\n      \"last\": 741.2075312137604,\n      \"last-5-avg\": 682.3126971244812,\n      \"last-10-avg\": 608.7432240009308\n    },\n    \"timesteps_since_restore\": {\n      \"max\": 0,\n      \"min\": 0,\n      \"avg\": 0.0,\n      \"last\": 0,\n      \"last-5-avg\": 0.0,\n      \"last-10-avg\": 0.0\n    },\n    \"iterations_since_restore\": {\n      \"max\": 25,\n      \"min\": 1,\n      \"avg\": 13.0,\n      \"last\": 25,\n      \"last-5-avg\": 23.0,\n      \"last-10-avg\": 20.5\n    },\n    \"config/batch_size\": {\n      \"max\": 30,\n      \"min\": 30,\n      \"avg\": 30.0,\n      \"last\": 30,\n      \"last-5-avg\": 30.0,\n      \"last-10-avg\": 30.0\n    },\n    \"config/epochs\": {\n      \"max\": 25,\n      \"min\": 25,\n      \"avg\": 25.0,\n      \"last\": 25,\n      \"last-5-avg\": 25.0,\n      \"last-10-avg\": 25.0\n    },\n    \"config/lr\": {\n      \"max\": 0.002310201887845295,\n      \"min\": 0.002310201887845295,\n      \"avg\": 0.002310201887845295,\n      \"last\": 0.002310201887845295,\n      \"last-5-avg\": 0.002310201887845295,\n      \"last-10-avg\": 0.002310201887845295\n    }\n  },\n  \"n_steps\": [\n    5,\n    10\n  ],\n  \"metric_n_steps\": {\n    \"train_loss\": {\n      \"5\": {\n        \"_type\": \"CLOUDPICKLE_FALLBACK\",\n        \"value\": \"8005954f000000000000008c0b636f6c6c656374696f6e73948c056465717565949394294b058694529428473f5efdf47b7e07e0473f5cc9c2eeec4ec5473f586b39293b13b1473f57a1b411237237473f5cfa38d12f42f4652e\"\n      },\n      \"10\": {\n        \"_type\": \"CLOUDPICKLE_FALLBACK\",\n        \"value\": \"8005957c000000000000008c0b636f6c6c656374696f6e73948c056465717565949394294b0a8694529428473f5ebb9ec3762762473f5c75968a95a95b473f5b67990bd89d8a473f65c246b3666666473f5d7fba08627627473f5efdf47b7e07e0473f5cc9c2eeec4ec5473f586b39293b13b1473f57a1b411237237473f5cfa38d12f42f4652e\"\n      }\n    },\n    \"train_acc\": {\n      \"5\": {\n        \"_type\": \"CLOUDPICKLE_FALLBACK\",\n        \"value\": \"8005954f000000000000008c0b636f6c6c656374696f6e73948c056465717565949394294b058694529428473fefd0bd0bd0bd0c473fefd0bd0bd0bd0c473fefd0bd0bd0bd0c473fefd0bd0bd0bd0c473fefd0bd0bd0bd0c652e\"\n      },\n      \"10\": {\n        \"_type\": \"CLOUDPICKLE_FALLBACK\",\n        \"value\": \"8005957c000000000000008c0b636f6c6c656374696f6e73948c056465717565949394294b0a8694529428473fefd0bd0bd0bd0c473fefd0bd0bd0bd0c473fefd0bd0bd0bd0c473fefd0bd0bd0bd0c473fefd0bd0bd0bd0c473fefd0bd0bd0bd0c473fefd0bd0bd0bd0c473fefd0bd0bd0bd0c473fefd0bd0bd0bd0c473fefd0bd0bd0bd0c652e\"\n      }\n    },\n    \"val_loss\": {\n      \"5\": {\n        \"_type\": \"CLOUDPICKLE_FALLBACK\",\n        \"value\": \"8005954f000000000000008c0b636f6c6c656374696f6e73948c056465717565949394294b058694529428473f5aaca07f8af8b0473f5bc3b2c5a35a36473f5ccd9fd9f7390d473f59676bbccccccd473f5bee09d7d70a3d652e\"\n      },\n      \"10\": {\n        \"_type\": \"CLOUDPICKLE_FALLBACK\",\n        \"value\": \"8005957c000000000000008c0b636f6c6c656374696f6e73948c056465717565949394294b0a8694529428473f5977f07bbbbbbc473f594bd768d880bb473f5d142d4d16eb08473f5bf673923d70a4473f5a0321ffa64731473f5aaca07f8af8b0473f5bc3b2c5a35a36473f5ccd9fd9f7390d473f59676bbccccccd473f5bee09d7d70a3d652e\"\n      }\n    },\n    \"val_acc\": {\n      \"5\": {\n        \"_type\": \"CLOUDPICKLE_FALLBACK\",\n        \"value\": 